Designator,Footprint,Quantity,Value,LCSC Part #
C1,C_Disc_D7.5mm_W2.5mm_P5.00mm,1,1u,
"C10, C11, C12, C50, C6, C8",0603,6,100n,
"D1, D2, D3",LED_ASMB-KTF0-0A306,3,LED_RGBA,
D4,D_SOD-123,1,D,
"H1, H2, H3, H4",MountingHole_3.2mm_M3,4,MountingHole,
J1,2Pol_THT,1,Conn_01x02,
J2,USB_C_C2927293,1,C2927293,
"Q1, Q2, Q3, Q4, Q5, Q6",TO-92,6,2N7000,
"Q10, Q11, Q13",SOT-23,3,AO3401A,
"R1, R2, R3",R_Axial_DIN0207_L6.3mm_D2.5mm_P12.5mm_Horizontal,3,10k,
"R10, R100, R101, R102, R103, R104, R105, R11, R12, R13, R50",0603,11,10k,
"R4, R5, R6",R_Axial_DIN0207_L6.3mm_D2.5mm_P12.5mm_Horizontal,3,5.1k,
R7,R_Axial_DIN0207_L6.3mm_D2.5mm_P12.5mm_Horizontal,1,120,
R8,R_Axial_DIN0207_L6.3mm_D2.5mm_P12.5mm_Horizontal,1,56,
R9,R_Axial_DIN0207_L6.3mm_D2.5mm_P12.5mm_Horizontal,1,47,
"SW1, SW2, SW3",SW_PUSH_6mm_H7.3mm,3,SW_Push,
U1,TO-92,1,AP7384-33V,
U2,SSOP-10_3.9x4.9mm_P1.00mm_EP3x3mm,1,CH224K,
U3,LQFP-48_7x7mm_P0.5mm,1,STM32G030C8Tx,
U4,PinHeader_2x03_P2.54mm_Vertical,1,DebugConn,
"U5, U6, U7",SOT-23W,3,CH941SR,
